{
  "Q-Learning": {
    "final_success_rate": 0.0,
    "average_reward": -25563.444920000053,
    "path_length": 51,
    "training_time": 2764.9835999011993,
    "episodes": 7500
  },
  "DQL": {
    "final_success_rate": 0.28,
    "average_reward": -2520.2486599999975,
    "path_length": 3,
    "training_time": 8942.33919429779,
    "episodes": 7500
  },
  "PPO": {
    "final_success_rate": 0.0,
    "average_reward": -11606.597620000004,
    "path_length": 150,
    "training_time": 4266.99184513092,
    "episodes": 7500
  }
}